[{"model": "posts.user", "pk": 1, "fields": {"password": "pbkdf2_sha256$260000$AnwgeICl58UhYvcbXMIsH4$WOJfakTLiM0LBkghOXdWntNKhWK46E5fK4fkBUY9R9E=", "last_login": "2021-09-16T18:55:58.157Z", "is_superuser": true, "is_staff": true, "date_joined": "2021-09-16T18:50:43.494Z", "username": "admin", "first_name": "", "last_name": "", "email": "admin@as.as", "bio": "", "role": "admin", "is_active": true, "avatar": "", "groups": [], "user_permissions": []}}, {"model": "posts.user", "pk": 2, "fields": {"password": "pbkdf2_sha256$260000$02gxfz7qwwbjO2DaFPMXud$XzapoQDTVNSXE5bJS743wHpGBNcdm2CqcnCTd7z8QsY=", "last_login": "2021-09-16T18:56:59.184Z", "is_superuser": false, "is_staff": false, "date_joined": "2021-09-16T18:51:53.899Z", "username": "user_1", "first_name": "User_1", "last_name": "USER_1", "email": "user_1@as.as", "bio": "I am a first user", "role": "user", "is_active": true, "avatar": "avatars/1417512175.jpg", "groups": [], "user_permissions": []}}, {"model": "posts.user", "pk": 3, "fields": {"password": "pbkdf2_sha256$260000$csAzrYcc3E9pTGxw4qR8I1$vFMIZ0dqTIj6o/QFtFQrFs+M55hCmOz7onNfTCnTc4M=", "last_login": "2021-09-16T18:59:59.255Z", "is_superuser": false, "is_staff": false, "date_joined": "2021-09-16T18:52:43.264Z", "username": "user_2", "first_name": "User_2", "last_name": "USER_2", "email": "user_2@as.as", "bio": "I am a second user", "role": "user", "is_active": true, "avatar": "avatars/755398604792552.png", "groups": [], "user_permissions": []}}, {"model": "posts.user", "pk": 4, "fields": {"password": "pbkdf2_sha256$260000$IKkLPrCV1z3K2NJoxoyDti$5t+GXx6zozxMnM8YP3wHEy18og7OwIQSx2TuKxLFqQw=", "last_login": "2021-09-16T19:19:21.532Z", "is_superuser": false, "is_staff": false, "date_joined": "2021-09-16T18:53:45.254Z", "username": "user_3", "first_name": "User_3", "last_name": "USER_3", "email": "user_3@as.as", "bio": "I am a third user", "role": "user", "is_active": true, "avatar": "avatars/uzn_16115616167_jjBdM1O.jpg", "groups": [], "user_permissions": []}}, {"model": "posts.user", "pk": 5, "fields": {"password": "pbkdf2_sha256$260000$QI2V5kmngu0Iy5GWFxsEUR$oJMFYBppLLpip8UuCCs+NyFUNQckPT/cuppWFvmIVsE=", "last_login": null, "is_superuser": false, "is_staff": false, "date_joined": "2021-09-16T18:55:00.816Z", "username": "user_4", "first_name": "User_4", "last_name": "USER_4", "email": "user_4@as.as", "bio": "I am a fourth user", "role": "user", "is_active": true, "avatar": "avatars/images-2.jpeg", "groups": [], "user_permissions": []}}, {"model": "posts.user", "pk": 6, "fields": {"password": "pbkdf2_sha256$260000$t33xbC5Pug8Ra2v5tRZmWx$Q0WflaV5FfuAzaVJEFmkTOmc6Jo3Vl5ozVAhfvPLp4E=", "last_login": null, "is_superuser": false, "is_staff": false, "date_joined": "2021-09-16T18:55:44.980Z", "username": "user_5", "first_name": "User_5", "last_name": "USER_5", "email": "user_5@as.as", "bio": "I am a fifth user", "role": "user", "is_active": true, "avatar": "", "groups": [], "user_permissions": []}}, {"model": "posts.user", "pk": 7, "fields": {"password": "pbkdf2_sha256$260000$0TXSmvt4zh0lmMGN3CwhOW$Ty/c7k7T7PUwSv7DrysY1UjqkW1iwXgr4er1VRo3+i4=", "last_login": null, "is_superuser": false, "is_staff": false, "date_joined": "2021-10-18T20:36:55.171Z", "username": "sfvdf", "first_name": "user_10", "last_name": "User_10", "email": "sdvsd@sdfdv.svv", "bio": "", "role": "user", "is_active": false, "avatar": "avatars/olga_1.jpg", "groups": [], "user_permissions": []}}, {"model": "posts.group", "pk": 1, "fields": {"title": "travel", "slug": "travel", "description": "Describe your dream places to travel. Share your experience about travelling"}}, {"model": "posts.group", "pk": 2, "fields": {"title": "Writers", "slug": "writers", "description": "Share your favorite poem with us. Tell us about your favorite writer"}}, {"model": "posts.group", "pk": 3, "fields": {"title": "news", "slug": "news", "description": "What news touched your heart. Share your thoughts and feelings about it"}}, {"model": "posts.post", "pk": 1, "fields": {"text": "It is my first record", "pub_date": "2021-09-16T18:58:11.874Z", "author": 2, "group": null, "image": "posts/frida.jpg", "counter": 1}}, {"model": "posts.post", "pk": 2, "fields": {"text": "It is my second record", "pub_date": "2021-09-16T18:59:21.853Z", "author": 2, "group": null, "image": "posts/galileo1.jpg", "counter": 0}}, {"model": "posts.post", "pk": 3, "fields": {"text": "This is message about traveling", "pub_date": "2021-09-16T19:08:13.879Z", "author": 3, "group": 1, "image": "posts/MachuPicchu_7585.jpeg", "counter": 0}}, {"model": "posts.post", "pk": 4, "fields": {"text": "This is the second post that my favorite topic is traveling.", "pub_date": "2021-09-16T19:10:16.708Z", "author": 3, "group": 1, "image": "posts/alberta-2297204_1920.jpeg", "counter": 0}}, {"model": "posts.post", "pk": 5, "fields": {"text": "You are thinking if I am a travel blogger? Definitely not", "pub_date": "2021-09-16T19:13:39.678Z", "author": 3, "group": 1, "image": "posts/Vinicunca-Rainbow-Mountain-Peru-COVER-1.jpeg", "counter": 0}}, {"model": "posts.post", "pk": 6, "fields": {"text": "This is post about flowers", "pub_date": "2021-09-16T19:20:04.510Z", "author": 4, "group": 3, "image": "posts/Birthday-Flowers-Colors.jpeg", "counter": 0}}, {"model": "posts.post", "pk": 7, "fields": {"text": "This is post about flowers", "pub_date": "2021-09-16T19:20:07.910Z", "author": 4, "group": 3, "image": "posts/Birthday-Flowers-Colors_OOfhjCU.jpeg", "counter": 0}}, {"model": "posts.post", "pk": 8, "fields": {"text": "I am a newsmaker", "pub_date": "2021-09-16T20:04:12.271Z", "author": 4, "group": 3, "image": "posts/olga_1.psd", "counter": 203}}, {"model": "posts.comment", "pk": 19, "fields": {"post": 8, "author": 4, "text": "The first comment", "created": "2021-09-17T18:36:32.640Z", "path": "[\"19\"]"}}, {"model": "posts.comment", "pk": 20, "fields": {"post": 8, "author": 4, "text": "The second comment", "created": "2021-09-17T18:36:55.666Z", "path": "[\"20\"]"}}, {"model": "posts.comment", "pk": 21, "fields": {"post": 8, "author": 4, "text": "First comment for first. comment", "created": "2021-09-17T18:37:25.734Z", "path": "[\"19\", \"21\"]"}}, {"model": "posts.comment", "pk": 22, "fields": {"post": 8, "author": 4, "text": "First for the first for the first", "created": "2021-09-17T18:37:59.622Z", "path": "[\"19\", \"21\", \"22\"]"}}, {"model": "posts.follow", "pk": 1, "fields": {"user": 4, "author": 3}}, {"model": "posts.follow", "pk": 2, "fields": {"user": 4, "author": 2}}, {"model": "admin.logentry", "pk": 1, "fields": {"action_time": "2021-09-16T18:56:16.272Z", "user": 1, "content_type": 1, "object_id": "2", "object_repr": "user_1 is a user", "action_flag": 2, "change_message": "[{\"changed\": {\"fields\": [\"Active\"]}}]"}}, {"model": "admin.logentry", "pk": 2, "fields": {"action_time": "2021-09-16T18:56:21.073Z", "user": 1, "content_type": 1, "object_id": "3", "object_repr": "user_2 is a user", "action_flag": 2, "change_message": "[{\"changed\": {\"fields\": [\"Active\"]}}]"}}, {"model": "admin.logentry", "pk": 3, "fields": {"action_time": "2021-09-16T18:56:26.468Z", "user": 1, "content_type": 1, "object_id": "4", "object_repr": "user_3 is a user", "action_flag": 2, "change_message": "[{\"changed\": {\"fields\": [\"Active\"]}}]"}}, {"model": "admin.logentry", "pk": 4, "fields": {"action_time": "2021-09-16T18:56:32.511Z", "user": 1, "content_type": 1, "object_id": "5", "object_repr": "user_4 is a user", "action_flag": 2, "change_message": "[{\"changed\": {\"fields\": [\"Active\"]}}]"}}, {"model": "admin.logentry", "pk": 5, "fields": {"action_time": "2021-09-16T18:56:38.327Z", "user": 1, "content_type": 1, "object_id": "6", "object_repr": "user_5 is a user", "action_flag": 2, "change_message": "[{\"changed\": {\"fields\": [\"Active\"]}}]"}}, {"model": "admin.logentry", "pk": 6, "fields": {"action_time": "2021-09-16T19:04:19.644Z", "user": 1, "content_type": 2, "object_id": "1", "object_repr": "travel", "action_flag": 1, "change_message": "[{\"added\": {}}]"}}, {"model": "admin.logentry", "pk": 7, "fields": {"action_time": "2021-09-16T19:05:32.509Z", "user": 1, "content_type": 2, "object_id": "2", "object_repr": "Writers", "action_flag": 1, "change_message": "[{\"added\": {}}]"}}, {"model": "admin.logentry", "pk": 8, "fields": {"action_time": "2021-09-16T19:07:20.506Z", "user": 1, "content_type": 2, "object_id": "3", "object_repr": "news", "action_flag": 1, "change_message": "[{\"added\": {}}]"}}, {"model": "auth.permission", "pk": 1, "fields": {"name": "Can add user", "content_type": 1, "codename": "add_user"}}, {"model": "auth.permission", "pk": 2, "fields": {"name": "Can change user", "content_type": 1, "codename": "change_user"}}, {"model": "auth.permission", "pk": 3, "fields": {"name": "Can delete user", "content_type": 1, "codename": "delete_user"}}, {"model": "auth.permission", "pk": 4, "fields": {"name": "Can view user", "content_type": 1, "codename": "view_user"}}, {"model": "auth.permission", "pk": 5, "fields": {"name": "Can add group", "content_type": 2, "codename": "add_group"}}, {"model": "auth.permission", "pk": 6, "fields": {"name": "Can change group", "content_type": 2, "codename": "change_group"}}, {"model": "auth.permission", "pk": 7, "fields": {"name": "Can delete group", "content_type": 2, "codename": "delete_group"}}, {"model": "auth.permission", "pk": 8, "fields": {"name": "Can view group", "content_type": 2, "codename": "view_group"}}, {"model": "auth.permission", "pk": 9, "fields": {"name": "Can add post", "content_type": 3, "codename": "add_post"}}, {"model": "auth.permission", "pk": 10, "fields": {"name": "Can change post", "content_type": 3, "codename": "change_post"}}, {"model": "auth.permission", "pk": 11, "fields": {"name": "Can delete post", "content_type": 3, "codename": "delete_post"}}, {"model": "auth.permission", "pk": 12, "fields": {"name": "Can view post", "content_type": 3, "codename": "view_post"}}, {"model": "auth.permission", "pk": 13, "fields": {"name": "Can add follow", "content_type": 4, "codename": "add_follow"}}, {"model": "auth.permission", "pk": 14, "fields": {"name": "Can change follow", "content_type": 4, "codename": "change_follow"}}, {"model": "auth.permission", "pk": 15, "fields": {"name": "Can delete follow", "content_type": 4, "codename": "delete_follow"}}, {"model": "auth.permission", "pk": 16, "fields": {"name": "Can view follow", "content_type": 4, "codename": "view_follow"}}, {"model": "auth.permission", "pk": 17, "fields": {"name": "Can add comment", "content_type": 5, "codename": "add_comment"}}, {"model": "auth.permission", "pk": 18, "fields": {"name": "Can change comment", "content_type": 5, "codename": "change_comment"}}, {"model": "auth.permission", "pk": 19, "fields": {"name": "Can delete comment", "content_type": 5, "codename": "delete_comment"}}, {"model": "auth.permission", "pk": 20, "fields": {"name": "Can view comment", "content_type": 5, "codename": "view_comment"}}, {"model": "auth.permission", "pk": 21, "fields": {"name": "Can add log entry", "content_type": 6, "codename": "add_logentry"}}, {"model": "auth.permission", "pk": 22, "fields": {"name": "Can change log entry", "content_type": 6, "codename": "change_logentry"}}, {"model": "auth.permission", "pk": 23, "fields": {"name": "Can delete log entry", "content_type": 6, "codename": "delete_logentry"}}, {"model": "auth.permission", "pk": 24, "fields": {"name": "Can view log entry", "content_type": 6, "codename": "view_logentry"}}, {"model": "auth.permission", "pk": 25, "fields": {"name": "Can add permission", "content_type": 7, "codename": "add_permission"}}, {"model": "auth.permission", "pk": 26, "fields": {"name": "Can change permission", "content_type": 7, "codename": "change_permission"}}, {"model": "auth.permission", "pk": 27, "fields": {"name": "Can delete permission", "content_type": 7, "codename": "delete_permission"}}, {"model": "auth.permission", "pk": 28, "fields": {"name": "Can view permission", "content_type": 7, "codename": "view_permission"}}, {"model": "auth.permission", "pk": 29, "fields": {"name": "Can add group", "content_type": 8, "codename": "add_group"}}, {"model": "auth.permission", "pk": 30, "fields": {"name": "Can change group", "content_type": 8, "codename": "change_group"}}, {"model": "auth.permission", "pk": 31, "fields": {"name": "Can delete group", "content_type": 8, "codename": "delete_group"}}, {"model": "auth.permission", "pk": 32, "fields": {"name": "Can view group", "content_type": 8, "codename": "view_group"}}, {"model": "auth.permission", "pk": 33, "fields": {"name": "Can add content type", "content_type": 9, "codename": "add_contenttype"}}, {"model": "auth.permission", "pk": 34, "fields": {"name": "Can change content type", "content_type": 9, "codename": "change_contenttype"}}, {"model": "auth.permission", "pk": 35, "fields": {"name": "Can delete content type", "content_type": 9, "codename": "delete_contenttype"}}, {"model": "auth.permission", "pk": 36, "fields": {"name": "Can view content type", "content_type": 9, "codename": "view_contenttype"}}, {"model": "auth.permission", "pk": 37, "fields": {"name": "Can add session", "content_type": 10, "codename": "add_session"}}, {"model": "auth.permission", "pk": 38, "fields": {"name": "Can change session", "content_type": 10, "codename": "change_session"}}, {"model": "auth.permission", "pk": 39, "fields": {"name": "Can delete session", "content_type": 10, "codename": "delete_session"}}, {"model": "auth.permission", "pk": 40, "fields": {"name": "Can view session", "content_type": 10, "codename": "view_session"}}, {"model": "auth.permission", "pk": 41, "fields": {"name": "Can add kv store", "content_type": 11, "codename": "add_kvstore"}}, {"model": "auth.permission", "pk": 42, "fields": {"name": "Can change kv store", "content_type": 11, "codename": "change_kvstore"}}, {"model": "auth.permission", "pk": 43, "fields": {"name": "Can delete kv store", "content_type": 11, "codename": "delete_kvstore"}}, {"model": "auth.permission", "pk": 44, "fields": {"name": "Can view kv store", "content_type": 11, "codename": "view_kvstore"}}, {"model": "contenttypes.contenttype", "pk": 1, "fields": {"app_label": "posts", "model": "user"}}, {"model": "contenttypes.contenttype", "pk": 2, "fields": {"app_label": "posts", "model": "group"}}, {"model": "contenttypes.contenttype", "pk": 3, "fields": {"app_label": "posts", "model": "post"}}, {"model": "contenttypes.contenttype", "pk": 4, "fields": {"app_label": "posts", "model": "follow"}}, {"model": "contenttypes.contenttype", "pk": 5, "fields": {"app_label": "posts", "model": "comment"}}, {"model": "contenttypes.contenttype", "pk": 6, "fields": {"app_label": "admin", "model": "logentry"}}, {"model": "contenttypes.contenttype", "pk": 7, "fields": {"app_label": "auth", "model": "permission"}}, {"model": "contenttypes.contenttype", "pk": 8, "fields": {"app_label": "auth", "model": "group"}}, {"model": "contenttypes.contenttype", "pk": 9, "fields": {"app_label": "contenttypes", "model": "contenttype"}}, {"model": "contenttypes.contenttype", "pk": 10, "fields": {"app_label": "sessions", "model": "session"}}, {"model": "contenttypes.contenttype", "pk": 11, "fields": {"app_label": "thumbnail", "model": "kvstore"}}, {"model": "sessions.session", "pk": "ffqvy9l1cxies37qoppkrlasu0lsqnts", "fields": {"session_data": ".eJxVjEEOwiAQRe_C2pAwQBlcuvcMzTCMUjWQlHbVeHdt0oVu_3vvb2qkdSnj2mUep6zOyqjT75aIn1J3kB9U701zq8s8Jb0r-qBdX1uW1-Vw_w4K9fKtiSOjS5A4AMYhRXGWM3JglMQDmThYFwQAfaBgLJibRwAfo0XvxKv3B-vYNzQ:1mQwYA:RxD5WKbO7ek0YChSwekdHAzFDhjcFtz9DiDLg0icAKQ", "expire_date": "2021-09-30T18:55:58.223Z"}}, {"model": "thumbnail.kvstore", "pk": "sorl-thumbnail||image||03cd19c9abbfef8afb808ce15f5fb512", "fields": {"value": "{\"name\": \"posts/Birthday-Flowers-Colors_OOfhjCU.jpeg\", \"storage\": \"django.core.files.storage.FileSystemStorage\", \"size\": [1200, 675]}"}}, {"model": "thumbnail.kvstore", "pk": "sorl-thumbnail||image||11e85cc7d9a3796e797e31a1e1b85f21", "fields": {"value": "{\"name\": \"cache/42/fc/42fc7361339770999687f716bdea822e.jpg\", \"storage\": \"django.core.files.storage.FileSystemStorage\", \"size\": [160, 160]}"}}, {"model": "thumbnail.kvstore", "pk": "sorl-thumbnail||image||1f92a639e670464c7969312cd0e96231", "fields": {"value": "{\"name\": \"cache/65/41/6541da24a0a00708998a12bc89c60784.jpg\", \"storage\": \"django.core.files.storage.FileSystemStorage\", \"size\": [960, 339]}"}}, {"model": "thumbnail.kvstore", "pk": "sorl-thumbnail||image||3849a333b35d55257699a63d9aaa2a6b", "fields": {"value": "{\"name\": \"cache/36/53/3653c300959a18e47222a553ddbee246.jpg\", \"storage\": \"django.core.files.storage.FileSystemStorage\", \"size\": [160, 160]}"}}, {"model": "thumbnail.kvstore", "pk": "sorl-thumbnail||image||3f31d5f720ee92f5db07cd03dd89b8c8", "fields": {"value": "{\"name\": \"cache/77/ca/77ca046b4f8f05249ec8582e2f4f63bf.jpg\", \"storage\": \"django.core.files.storage.FileSystemStorage\", \"size\": [60, 60]}"}}, {"model": "thumbnail.kvstore", "pk": "sorl-thumbnail||image||40c9bf2474f34811e2f21a8d4e39d8ec", "fields": {"value": "{\"name\": \"cache/f3/96/f396b77f12bdc19d24960e32a93fa897.jpg\", \"storage\": \"django.core.files.storage.FileSystemStorage\", \"size\": [10, 10]}"}}, {"model": "thumbnail.kvstore", "pk": "sorl-thumbnail||image||48a76c2e44dae14d47ad774054951384", "fields": {"value": "{\"name\": \"cache/68/b3/68b3ddc057e939bc5350820099ed72bf.jpg\", \"storage\": \"django.core.files.storage.FileSystemStorage\", \"size\": [960, 339]}"}}, {"model": "thumbnail.kvstore", "pk": "sorl-thumbnail||image||4c74de761680537baf777b4827ef4b48", "fields": {"value": "{\"name\": \"posts/olga_1.psd\", \"storage\": \"django.core.files.storage.FileSystemStorage\", \"size\": [969, 720]}"}}, {"model": "thumbnail.kvstore", "pk": "sorl-thumbnail||image||4e07e94e0b7305d7e6acd445d6663244", "fields": {"value": "{\"name\": \"cache/32/cf/32cfe9635703ba983fb808d4b6b3874f.jpg\", \"storage\": \"django.core.files.storage.FileSystemStorage\", \"size\": [160, 160]}"}}, {"model": "thumbnail.kvstore", "pk": "sorl-thumbnail||image||603a5f9a45c8579032990f7ffac30a8d", "fields": {"value": "{\"name\": \"posts/alberta-2297204_1920.jpeg\", \"storage\": \"django.core.files.storage.FileSystemStorage\", \"size\": [1400, 630]}"}}, {"model": "thumbnail.kvstore", "pk": "sorl-thumbnail||image||638458411d6ce50a793a7a7c7cc030c8", "fields": {"value": "{\"name\": \"posts/MachuPicchu_7585.jpeg\", \"storage\": \"django.core.files.storage.FileSystemStorage\", \"size\": [800, 550]}"}}, {"model": "thumbnail.kvstore", "pk": "sorl-thumbnail||image||67d134083760b9aaeaffd308e2e133f9", "fields": {"value": "{\"name\": \"cache/38/24/38242d80272cc2c74515104bd4f4e215.jpg\", \"storage\": \"django.core.files.storage.FileSystemStorage\", \"size\": [960, 339]}"}}, {"model": "thumbnail.kvstore", "pk": "sorl-thumbnail||image||67f8f2ffd0eb7c633776b096bd108cc2", "fields": {"value": "{\"name\": \"cache/27/58/2758d79edfeade8d69163917099c9b41.jpg\", \"storage\": \"django.core.files.storage.FileSystemStorage\", \"size\": [960, 339]}"}}, {"model": "thumbnail.kvstore", "pk": "sorl-thumbnail||image||6ffdc60a5278643c191e8fc615eb9d31", "fields": {"value": "{\"name\": \"posts/frida.jpg\", \"storage\": \"django.core.files.storage.FileSystemStorage\", \"size\": [1200, 800]}"}}, {"model": "thumbnail.kvstore", "pk": "sorl-thumbnail||image||7428dc6243ce242427e25141d1ab19ba", "fields": {"value": "{\"name\": \"cache/21/96/219612395bdfa7f05e946d3a77e9ebff.jpg\", \"storage\": \"django.core.files.storage.FileSystemStorage\", \"size\": [160, 160]}"}}, {"model": "thumbnail.kvstore", "pk": "sorl-thumbnail||image||8d575a23e7d6728673d988cebf81eb83", "fields": {"value": "{\"name\": \"avatars/755398604792552.png\", \"storage\": \"django.core.files.storage.FileSystemStorage\", \"size\": [960, 620]}"}}, {"model": "thumbnail.kvstore", "pk": "sorl-thumbnail||image||c8fae02f6fc1ad7c95ccf2cb94728c7e", "fields": {"value": "{\"name\": \"cache/a3/fc/a3fcade4206486fbbf36f57d7fd0403a.jpg\", \"storage\": \"django.core.files.storage.FileSystemStorage\", \"size\": [960, 339]}"}}, {"model": "thumbnail.kvstore", "pk": "sorl-thumbnail||image||d1a907dcd9f51fa76934864db37a7290", "fields": {"value": "{\"name\": \"posts/Vinicunca-Rainbow-Mountain-Peru-COVER-1.jpeg\", \"storage\": \"django.core.files.storage.FileSystemStorage\", \"size\": [1900, 800]}"}}, {"model": "thumbnail.kvstore", "pk": "sorl-thumbnail||image||d889a754791f76f08bcd405cb2376c61", "fields": {"value": "{\"name\": \"cache/6f/59/6f59b8a37fa88f4f0688f68e6d159919.jpg\", \"storage\": \"django.core.files.storage.FileSystemStorage\", \"size\": [960, 339]}"}}, {"model": "thumbnail.kvstore", "pk": "sorl-thumbnail||image||d9f9909fd911f5c8c0514fff59efce6c", "fields": {"value": "{\"name\": \"cache/30/38/30389b120bc7571dfefbe210210babdc.jpg\", \"storage\": \"django.core.files.storage.FileSystemStorage\", \"size\": [30, 30]}"}}, {"model": "thumbnail.kvstore", "pk": "sorl-thumbnail||image||da2daf15ed391c149fbbaf705d87193b", "fields": {"value": "{\"name\": \"avatars/uzn_16115616167_jjBdM1O.jpg\", \"storage\": \"django.core.files.storage.FileSystemStorage\", \"size\": [730, 430]}"}}, {"model": "thumbnail.kvstore", "pk": "sorl-thumbnail||image||df9006cae4d1f5955aac5c1b5007c1ae", "fields": {"value": "{\"name\": \"cache/92/cc/92cc11cdeb76888560d3f0244844840e.jpg\", \"storage\": \"django.core.files.storage.FileSystemStorage\", \"size\": [960, 339]}"}}, {"model": "thumbnail.kvstore", "pk": "sorl-thumbnail||image||eb6b6443b46b053f07d32c247f26c1db", "fields": {"value": "{\"name\": \"cache/64/6e/646e503c019421b425808570f18a4f5e.jpg\", \"storage\": \"django.core.files.storage.FileSystemStorage\", \"size\": [960, 339]}"}}, {"model": "thumbnail.kvstore", "pk": "sorl-thumbnail||image||edc13e6aae8aa09309105f295e033892", "fields": {"value": "{\"name\": \"posts/Birthday-Flowers-Colors.jpeg\", \"storage\": \"django.core.files.storage.FileSystemStorage\", \"size\": [1200, 675]}"}}, {"model": "thumbnail.kvstore", "pk": "sorl-thumbnail||image||ee8a2cb9e4512dccb16824996893761f", "fields": {"value": "{\"name\": \"avatars/1417512175.jpg\", \"storage\": \"django.core.files.storage.FileSystemStorage\", \"size\": [533, 700]}"}}, {"model": "thumbnail.kvstore", "pk": "sorl-thumbnail||image||f79a16e13888b6074b29aa7bd3aac979", "fields": {"value": "{\"name\": \"posts/galileo1.jpg\", \"storage\": \"django.core.files.storage.FileSystemStorage\", \"size\": [621, 365]}"}}, {"model": "thumbnail.kvstore", "pk": "sorl-thumbnail||image||fc91eaf34e367d23669994b6ee98a1ed", "fields": {"value": "{\"name\": \"cache/26/8a/268aa00c10dc61e52a3ee2ed57cb05c4.jpg\", \"storage\": \"django.core.files.storage.FileSystemStorage\", \"size\": [160, 160]}"}}, {"model": "thumbnail.kvstore", "pk": "sorl-thumbnail||thumbnails||03cd19c9abbfef8afb808ce15f5fb512", "fields": {"value": "[\"67f8f2ffd0eb7c633776b096bd108cc2\"]"}}, {"model": "thumbnail.kvstore", "pk": "sorl-thumbnail||thumbnails||4c74de761680537baf777b4827ef4b48", "fields": {"value": "[\"48a76c2e44dae14d47ad774054951384\"]"}}, {"model": "thumbnail.kvstore", "pk": "sorl-thumbnail||thumbnails||603a5f9a45c8579032990f7ffac30a8d", "fields": {"value": "[\"eb6b6443b46b053f07d32c247f26c1db\"]"}}, {"model": "thumbnail.kvstore", "pk": "sorl-thumbnail||thumbnails||638458411d6ce50a793a7a7c7cc030c8", "fields": {"value": "[\"c8fae02f6fc1ad7c95ccf2cb94728c7e\"]"}}, {"model": "thumbnail.kvstore", "pk": "sorl-thumbnail||thumbnails||6ffdc60a5278643c191e8fc615eb9d31", "fields": {"value": "[\"67d134083760b9aaeaffd308e2e133f9\"]"}}, {"model": "thumbnail.kvstore", "pk": "sorl-thumbnail||thumbnails||8d575a23e7d6728673d988cebf81eb83", "fields": {"value": "[\"3849a333b35d55257699a63d9aaa2a6b\"]"}}, {"model": "thumbnail.kvstore", "pk": "sorl-thumbnail||thumbnails||d1a907dcd9f51fa76934864db37a7290", "fields": {"value": "[\"df9006cae4d1f5955aac5c1b5007c1ae\"]"}}, {"model": "thumbnail.kvstore", "pk": "sorl-thumbnail||thumbnails||da2daf15ed391c149fbbaf705d87193b", "fields": {"value": "[\"40c9bf2474f34811e2f21a8d4e39d8ec\", \"4e07e94e0b7305d7e6acd445d6663244\", \"11e85cc7d9a3796e797e31a1e1b85f21\", \"7428dc6243ce242427e25141d1ab19ba\", \"3f31d5f720ee92f5db07cd03dd89b8c8\", \"d9f9909fd911f5c8c0514fff59efce6c\"]"}}, {"model": "thumbnail.kvstore", "pk": "sorl-thumbnail||thumbnails||edc13e6aae8aa09309105f295e033892", "fields": {"value": "[\"d889a754791f76f08bcd405cb2376c61\"]"}}, {"model": "thumbnail.kvstore", "pk": "sorl-thumbnail||thumbnails||ee8a2cb9e4512dccb16824996893761f", "fields": {"value": "[\"fc91eaf34e367d23669994b6ee98a1ed\"]"}}, {"model": "thumbnail.kvstore", "pk": "sorl-thumbnail||thumbnails||f79a16e13888b6074b29aa7bd3aac979", "fields": {"value": "[\"1f92a639e670464c7969312cd0e96231\"]"}}]